<?xml version="1.0" encoding="UTF-8"?>
<!--
  ~ Licensed to the Apache Software Foundation (ASF) under one
  ~ or more contributor license agreements.  See the NOTICE file
  ~ distributed with this work for additional information
  ~ regarding copyright ownership.  The ASF licenses this file
  ~ to you under the Apache License, Version 2.0 (the
  ~ "License"); you may not use this file except in compliance
  ~ with the License.  You may obtain a copy of the License at
  ~
  ~     http://www.apache.org/licenses/LICENSE-2.0
  ~
  ~ Unless required by applicable law or agreed to in writing,
  ~ software distributed under the License is distributed on an
  ~ "AS IS" BASIS, WITHOUT WARRANTIES OR CONDITIONS OF ANY
  ~ KIND, either express or implied.  See the License for the
  ~ specific language governing permissions and limitations
  ~ under the License.
  -->
<!--
  - Application context for Shiro WebStart sample application
  -->
<beans xmlns="http://www.springframework.org/schema/beans"
       xmlns:xsi="http://www.w3.org/2001/XMLSchema-instance"
       xmlns:util="http://www.springframework.org/schema/util"
       xsi:schemaLocation="
http://www.springframework.org/schema/beans http://www.springframework.org/schema/beans/spring-beans-2.0.xsd
http://www.springframework.org/schema/util http://www.springframework.org/schema/util/spring-util-2.0.xsd">

  <bean id="webStartView"
        class="org.apache.shiro.samples.spring.ui.WebStartView">
    <property name="sampleManager" ref="sampleManager"/>
  </bean>

  <bean id="sampleManager"
        class="org.springframework.remoting.httpinvoker.HttpInvokerProxyFactoryBean">
    <property name="serviceUrl" value="http://localhost:8080/shiro-samples-spring/remoting/sampleManager"/>
    <property name="serviceInterface" value="org.apache.shiro.samples.spring.SampleManager"/>
    <property name="remoteInvocationFactory" ref="secureRemoteInvocationFactory"/>
  </bean>

  <bean id="secureRemoteInvocationFactory"
    class="org.apache.shiro.spring.remoting.SecureRemoteInvocationFactory">
    <constructor-arg index="0">
      <util:constant static-field="org.apache.shiro.samples.spring.ui.WebStartDriver.LAUNCH_SESSION_ID"/>
    </constructor-arg>
  </bean>

</beans>
